{"cameraMode":{"drawMode":0,"name":"Shaded","section":"Shading Mode"},"sceneLighting":true,"audioPlay":false,"sceneViewState":{"m_AlwaysRefresh":false,"showFog":true,"showSkybox":true,"showFlares":true,"showImageEffects":false,"showParticleSystems":false,"showVisualEffectGraphs":true,"m_FxEnabled":true},"in2DMode":false,"pivot":{"x":0.12988919019699098,"y":-2.34259033203125,"z":0.15878677368164063},"rotation":{"x":0.00466475123539567,"y":0.9755009412765503,"z":-0.21897099912166596,"w":0.02078176662325859},"size":22.498836517333986,"orthographic":false}