{"cameraMode":{"drawMode":0,"name":"Shaded","section":"Shading Mode"},"sceneLighting":true,"audioPlay":false,"sceneViewState":{"m_AlwaysRefresh":false,"showFog":true,"showSkybox":true,"showFlares":true,"showImageEffects":false,"showParticleSystems":false,"showVisualEffectGraphs":true,"m_FxEnabled":true},"in2DMode":false,"pivot":{"x":-1.9336152076721192,"y":-3.1014251708984377,"z":1.507040023803711},"rotation":{"x":-0.013246491551399231,"y":0.9213785529136658,"z":-0.3871762156486511,"w":-0.031523093581199649},"size":9.582868576049805,"orthographic":false}